[
    {
        "id":"1",
        "courseName":"angular Js 1.X",
        "coursePrice":"400.00"
    },
    {
        "id":"2",
        "courseName":"angular Js 2.X",
        "coursePrice":"500.00"
    },
    {
        "id":"3",
        "courseName":"react Js",
        "coursePrice":"600.00"
    },
    {
        "id":"4",
        "courseName":"backbone Js",
        "coursePrice":"700.00"
    },
    {
        "id":"5",
        "courseName":"javaScript",
        "coursePrice":"700.00"
    }
]