[
    {
      "ProdId": 1,
      "ProdName": "Scissors",
      "ProdDes": "use this to cut stuff",
      "ProdPrice":4.99
     
    },
    {
        "ProdId": 2,
        "ProdName": "Steak knifes",
        "ProdDes": "use this to eat food",
        "ProdPrice":10.99
    },
    {
        "ProdId": 3,
        "ProdName": "Skewers",
        "ProdDes": "use this to roast food",
        "ProdPrice":23.45
    },
    {
        "ProdId": 4,
        "ProdName": "Baking tray",
        "ProdDes": "use this to bake food",
        "ProdPrice":33.45
    },
    {
        "ProdId": 5,
        "ProdName": "Data",
        "ProdDes": "use to store data",
        "ProdPrice":53.45
    }
  ]
