[
    {
      "id": 1,
      "title": "Scissors",
      "year": "use this to cut stuff",
      "author": 4.99
    },
    {
      "id": 2,
      "title": "Steak Knives",
      "year": "Use this to eat food",
      "author":10.09
    },
    {
      "id": 3,
      "title": "Skewers",
      "year": "Use this to roast food",
      "author": 23.45
    },
    {
      "id": 4,
      "title": "Cellotape",
      "year": "used to stick",
      "author": 20.35
    },
    {
      "id": 5,
      "title": "Data",
      "year": "Used to store data",
      "author":53.45
    },
    {
      "id": 6,
      "title": "Baking Tray",
      "year": "Use this to bake food",
      "author": 33.45
    },
    {
      "id": 7,
      "title": "A Dream of Spring",
      "year": 2012,
      "author": "George R. R. Martin"
    },
    {
      "id": 8,
      "title": "The Philosopher's Stone",
      "year": 1997,
      "author": "J. K. Rowling"
    },
    {
      "id": 9,
      "title": "The Chamber of Secrets",
      "year": 1998,
      "author": "J. K. Rowling"
    },
    {
      "id": 10,
      "title": "The Prisoner of Azkaban",
      "year": 1999,
      "author": "J. K. Rowling"
    }
    
  ]
